"RF_Weight","XGB_Weight","RMSE","MAE","R2"
0,1,4.11544331028316,2.59386618711782,0.944273674299044
0.01,0.99,4.11807644349326,2.59423780027322,0.944242717567338
0.02,0.98,4.12089104919882,2.59460941342862,0.944206725110769
0.03,0.97,4.12388675582795,2.59498102658402,0.944165681592432
0.04,0.96,4.12706316901409,2.59578987432142,0.944119571788703
0.05,0.95,4.13041987185145,2.59699434549104,0.944068380590739
0.06,0.94,4.13395642516359,2.59880587356276,0.944012093005965
0.07,0.93,4.13767236778488,2.60074331876754,0.943950694159564
0.08,0.92,4.1415672168544,2.60280498168666,0.943884169295968
0.09,0.91,4.14564046812177,2.60505127961212,0.943812503780344
0.1,0.9,4.14989159626465,2.60735526022145,0.943735683100082
0.11,0.89,4.15432005521726,2.60965924083078,0.94365369286628
0.12,0.88,4.15892527850957,2.6119632214401,0.943566518815224
0.13,0.87,4.16370667961671,2.61426720204943,0.943474146809873
0.14,0.86,4.16866365231796,2.61703074987855,0.943376562841333
0.15,0.85,4.17379557106507,2.61987586185877,0.943273753030336
0.16,0.84,4.17910179135913,2.622737409002,0.943165703628713
0.17,0.83,4.18458165013577,2.62643854271893,0.943052401020864
0.18,0.82,4.19023446615798,2.63070476101493,0.942933831725225
0.19,0.81,4.19605954041608,2.63498807964529,0.942809982395733
0.2,0.8,4.20205615653439,2.63927139827565,0.942680839823283
0.21,0.79,4.20822358118406,2.64378677323427,0.942546390937193
0.22,0.78,4.21456106450149,2.64831461423174,0.942406622806647
0.23,0.77,4.22106784051187,2.65323458018354,0.942261522642152
0.24,0.76,4.22774312755735,2.65890638454817,0.942111077796976
0.25,0.75,4.23458612872929,2.66516450247154,0.941955275768592
0.26,0.74,4.2415960323041,2.67147511912988,0.941794104200114
0.27,0.73,4.24877201218218,2.67781772791629,0.941627550881724
0.28,0.72,4.2561132283294,2.68428717876952,0.941455603752097
0.29,0.71,4.26361882722081,2.69080031552464,0.941278250899825
0.3,0.7,4.27128794228582,2.69731345227977,0.941095480564825
0.31,0.69,4.27911969435467,2.70382658903489,0.940907281139753
0.32,0.68,4.2871131921055,2.71040167052882,0.940713641171401
0.33,0.67,4.29526753251172,2.71705653552153,0.940514549362096
0.34,0.66,4.30358180128912,2.72394310240331,0.940309994571089
0.35,0.65,4.31205507334238,2.7312221203811,0.940099965815938
0.36,0.64,4.3206864132105,2.73876891571624,0.939884452273883
0.37,0.63,4.3294748755108,2.74631571105138,0.939663443283213
0.38,0.62,4.33841950538095,2.75386250638651,0.939436928344631
0.39,0.61,4.3475193389189,2.76144340958168,0.939204897122604
0.4,0.6,4.35677340362005,2.76926106811178,0.938967339446715
0.41,0.59,4.36618071881152,2.77719380921335,0.938724245312991
0.42,0.58,4.37574029608307,2.78516024545376,0.938475604885243
0.43,0.57,4.38545113971439,2.79312668169417,0.93822140849638
0.44,0.56,4.39531224709832,2.80109311793458,0.937961646649726
0.45,0.55,4.40532260915997,2.80905955417499,0.937696310020321
0.46,0.54,4.41548121077113,2.8170259904154,0.937425389456217
0.47,0.53,4.42578703115987,2.82499242665581,0.937148875979762
0.48,0.52,4.43623904431516,2.83295886289622,0.936866760788878
0.49,0.51,4.44683621938597,2.8411361807349,0.936579035258324
0.5,0.5,4.45757752107497,2.84949193158229,0.936285690940954
0.51,0.49,4.46846191002631,2.85801586647152,0.935986719568962
0.52,0.48,4.47948834320757,2.86700225616294,0.935682113055117
0.53,0.47,4.49065577428533,2.87598864585436,0.935371863493989
0.54,0.46,4.50196315399462,2.88519724241901,0.93505596316316
0.55,0.45,4.51340943050167,2.89456539330243,0.93473440452443
0.56,0.44,4.52499354976015,2.90399017439393,0.934407180225008
0.57,0.43,4.53671445586051,2.91356807353372,0.934074283098685
0.58,0.42,4.54857109137252,2.9232163246008,0.933735706167016
0.59,0.41,4.5605623976807,2.9332381542318,0.933391442640462
0.6,0.4,4.57268731531271,2.9432599838628,0.933041485919542
0.61,0.39,4.58494478426051,2.95357972939422,0.932685829595963
0.62,0.38,4.59733374429427,2.96399350314147,0.932324467453738
0.63,0.37,4.60985313526898,2.97446495271836,0.931957393470294
0.64,0.36,4.62250189742362,2.98503528398038,0.931584601817563
0.65,0.35,4.635278971673,2.9956056152424,0.931206086863065
0.66,0.34,4.64818329989213,3.00618820197544,0.93082184317097
0.67,0.33,4.66121382519314,3.01702924665383,0.930431865503155
0.68,0.32,4.67436949219469,3.02787029133223,0.930036148820244
0.69,0.31,4.68764924728402,3.03871133601063,0.929634688282626
0.7,0.3,4.70105203887149,3.04980291113393,0.929227479251476
0.71,0.29,4.71457681763765,3.06094963270448,0.928814517289741
0.72,0.28,4.72822253677301,3.07209635427502,0.92839579816313
0.73,0.27,4.74198815221035,3.08324307584557,0.927971317841076
0.74,0.26,4.75587262284975,3.0945800167139,0.927541072497687
0.75,0.25,4.76987491077632,3.10628718375248,0.927105058512689
0.76,0.24,4.78399398147075,3.11807528586418,0.926663272472336
0.77,0.23,4.79822880401264,3.12986338797587,0.926215711170329
0.78,0.22,4.8125783512768,3.14167352618777,0.925762371608691
0.79,0.21,4.82704160012247,3.15362161401737,0.925303250998653
0.8,0.2,4.84161753157567,3.16569830038358,0.924838346761504
0.81,0.19,4.85630513100466,3.1781459480056,0.924367656529432
0.82,0.18,4.87110338828861,3.19059359562762,0.923891178146353
0.83,0.17,4.88601129797963,3.20304124324964,0.923408909668712
0.84,0.16,4.90102785945823,3.21550574079207,0.92292084936628
0.85,0.15,4.91615207708225,3.22800190254213,0.922426995722923
0.86,0.14,4.93138296032946,3.24074346072531,0.921927347437358
0.87,0.13,4.94671952393388,3.25366917071186,0.921421903423894
0.88,0.12,4.96216078801593,3.26659957989042,0.92091066281315
0.89,0.11,4.97770577820649,3.27952998906899,0.920393624952763
0.9,0.1,4.99335352576513,3.29247734668097,0.919870789408067
0.91,0.09,5.00910306769237,3.30545598628751,0.919342155962763
0.92,0.08,5.02495344683633,3.31870383986493,0.918807724619568
0.93,0.07,5.0409037119938,3.33205681338403,0.918267495600843
0.94,0.0599999999999999,5.05695291800573,3.34549314923766,0.917721469349205
0.95,0.0499999999999999,5.07310012584749,3.35900948071393,0.917169646528123
0.96,0.04,5.08934440271379,3.37257996290104,0.916612028022487
0.97,0.03,5.10568482209858,3.38626515980036,0.916048614939163
0.98,0.02,5.12212046386989,3.39995035669969,0.915479408607534
0.99,0.01,5.13865041433983,3.41363555359902,0.914904410580006
1,0,5.15527376632981,3.42732075049834,0.914323622632514
